Advertiser,Region,Sub Region,IO Number,Invoice No,Gross Amount,Sales,开票sales,Net Invoice Amount, Invoice Currency , FX Rate ,Amount (USD),Invoice Date,Amount received,Balance,Remark,Receipt Date,Bank source,Credit Period,Due Date,Days Past Due,Ageing (Past Due),COMMENTS
掌上乐游有限公司（有爱互动）,China Sales,China Sales North,,CHN_01_11_16,,Bonnie,Dyna,71675.65 ,USD,,71675.65 ,2016/11/1,60656.87 ,11018.78 ,,2018/7/25,, 30 ,2016/12/1, reveived ,received,Apr
掌上乐游有限公司（有爱互动）,China Sales,China Sales North,,CHN_03_11_16,,Bonnie,Dyna,32289.72 ,USD,,32289.72 ,2016/11/1,,32289.72 ,,2018/7/25,, 30 ,2016/12/1, reveived ,received,May
掌上乐游有限公司（有爱互动）,China Sales,China Sales North,,CHN_04_11_16,,Bonnie,Dyna,27919.93 ,USD,,27919.93 ,2016/11/1,,27919.93 ,,2018/7/25,, 30 ,2016/12/1, reveived ,received,May
HONGKONG XIAOYAO GAME ENTERTAIMENT(有爱互动),China Sales,China Sales North,,CHN_88_12_16,,Bonnie,Dyna,5564.57 ,USD,,5564.57 ,2016/12/23,,5564.57 ,,2018/7/25,, 30 ,2017/1/22, reveived ,received,June
PT.Tri Digital Perlasa-Lokamedia,APAC,Indonesia,,SGP_02_04_17,,Edo,,3032.25 ,USD,,3032.25 ,2017/4/13,3032.25 ,0.00 ,,2018/9/4,, 30 ,2017/5/13, reveived ,received,Mar
PT.Tri Digital Perlasa-Lokamedia,APAC,Indonesia,,SGP_05_05_17,,Edo,,2786.25 ,USD,,2786.25 ,2017/5/25,2786.25 ,0.00 ,,2018/9/26,, 30 ,2017/6/24, reveived ,received,April
PT Web Marketing Indonesia,APAC,Indonesia,,SGP_02_10_17,,Edo,,6000.00 ,USD,,6000.00 ,2017/10/10,6000.00 ,0.00 ,,2018/7/6,, 30 ,2017/11/9, reveived ,received,Aug
PT Web Marketing Indonesia,APAC,Indonesia,,SGP_10_11_17,,Edo,,10000.00 ,USD,,10000.00 ,2017/11/24,10000.00 ,0.00 ,,2018/7/6,, 30 ,2017/12/24, reveived ,received,Oct
"Lazada E-Services Philippines, Inc (Lazada PH)",APAC,Indonesia,,SGP_06_12_17,,Edo,,598.62 ,USD,,598.62 ,2017/12/8,598.62 ,0.00 ,,2018/9/21,, 30 ,2018/1/7, reveived ,received,PH Nov
Hong Kong NetEase Interactive Entertainment Limited（网易海外）,China Sales,China Sales South,,CHN_47_12_17,,Vanness,,8742.60 ,USD,,8742.60 ,2017/12/18,8742.60 ,0.00 ,,2018/7/13,, 30 ,2018/1/17, reveived ,received,Sep-Nov Fb
PT Web Marketing Indonesia,APAC,Indonesia,,SGP_17_12_17,,Edo,,12688.00 ,USD,,12688.00 ,2017/12/19,12688.00 ,0.00 ,,2018/7/6,, 30 ,2018/1/18, reveived ,received,Nov
PT Web Marketing Indonesia,APAC,Indonesia,,SGP_14_01_18,,Edo,,20000.00 ,USD,,20000.00 ,2018/1/12,20000.00 ,0.00 ,,2018/7/6,, 30 ,2018/2/11, reveived ,received,Dec
Vuclip Singapore PTE Ltd,APAC,SGP,,SGP_17_01_18,,Amanda,,794.64 ,USD,,794.64 ,2018/1/22,794.64 ,0.00 ,,2018/8/29,, 45 ,2018/3/8, reveived ,received,Dec CPC
PT Web Marketing Indonesia,APAC,Indonesia,,SGP_07_02_18,,Edo,,20000.00 ,USD,,20000.00 ,2018/2/7,20000.00 ,0.00 ,,2018/9/20,, 30 ,2018/3/9, reveived ,received,Jan
Spatium Sdn. Bhd,APAC,Indonesia,,SGP_14_02_18,,Edo,,4832.70 ,USD,,4832.70 ,2018/2/22,4832.70 ,0.00 ,,2018/7/6,, 30 ,2018/3/24, reveived ,received,Jan
PT Medika Komunika Teknologi-Klikdokter,APAC,Indonesia,,SGP_16_02_18,,Edo,,5000.00 ,USD,,5000.00 ,2018/2/23,,5000.00 ,,2018/9/3,, 30 ,2018/3/25, reveived ,received,Jan prepayment
USP Studios Pvt. Ltd,APAC,SGP,,SGP_17_02_18,,Amanda,,298.81 ,USD,,298.81 ,2018/2/27,298.81 ,0.00 ,,2018/8/10,, 30 ,2018/3/29, reveived ,received,Jan
Headway_Ultron,AFF,AFF,,CHN_17_03_18,,AFF,,191.62 ,USD,,191.62 ,2018/3/6,183.85 ,7.77 ,,2018/7/2,, 30 ,2018/4/5, reveived ,received,Jan
Mobvista International Technology Limited-Ultron,AFF,AFF,,CHN_22_03_18,,AFF,,14362.18 ,USD,,14362.18 ,2018/3/6,14362.18 ,0.00 ,,2018/7/18,, 30 ,2018/4/5, reveived ,received,Jan
PT Web Marketing Indonesia,APAC,Indonesia,,SGP_03_03_18,,Edo,,20000.00 ,USD,,20000.00 ,2018/3/6,20000.00 ,0.00 ,,2018/9/20,, 30 ,2018/4/5, reveived ,received,"Feb 16931.24,留余额Mar 3068.76"
SVG Media FZ. LLC(Seventynine),APAC,SGP,,CHN_30_03_18,,Amanda,,127.40 ,USD,,127.40 ,2018/3/7,127.40 ,0.00 ,,2018/7/6,, 30 ,2018/4/6, reveived ,received,Feb
Spatium Sdn. Bhd,APAC,Indonesia,,SGP_09_03_18,,Edo,,1068.80 ,USD,,1068.80 ,2018/3/12,1068.80 ,0.00 ,,2018/7/6,, 30 ,2018/4/11, reveived ,received,Feb
"Bat Technology CO., Limited（Ultron）",AFF,AFF,,CHN_07_04_18,,AFF,,5414.00 ,USD,,5414.00 ,2018/4/3,,5414.00 ,,2018/8/8,, 30 ,2018/5/3, reveived ,received,Feb
Mobvista International Technology Limited-Ultron,AFF,AFF,,CHN_15_04_18,,AFF,,16431.20 ,USD,,16431.20 ,2018/4/3,16431.20 ,0.00 ,,2018/7/21,, 30 ,2018/5/3, reveived ,received,Feb
PT Web Marketing Indonesia,APAC,Indonesia,,SGP_01_04_18,,Edo,,20000.00 ,USD,,20000.00 ,2018/4/3,20000.00 ,0.00 ,,2018/9/20,, 30 ,2018/5/3, reveived ,received,"Mar 17315.11, 留余额April 5753.65"
Spatium Sdn. Bhd,APAC,Indonesia,,SGP_03_04_18,,Edo,,3385.20 ,USD,,3385.20 ,2018/4/8,3385.20 ,0.00 ,,2018/7/6,, 30 ,2018/5/8, reveived ,received,Mar
Coral Interactive (Gibraltar) Limited (Ladbrokes),UK,UK,,UK_07_04_18,,UK,,3600.00 ,USD,,3600.00 ,2018/4/11,,3600.00 ,,2018/8/8,, 30 ,2018/5/11, reveived ,received,Mar
Wowcher Limited,UK,UK,,UK_08_04_18,,UK,,18544.85 ,USD,,18544.85 ,2018/4/18,18544.85 ,0.00 ,,2018/7/19,, 60 ,2018/6/17, reveived ,received,Mar
Apptick Mobilie Limited,AFF,AFF,,CHN_55_04_18,,AFF,,5315.10 ,USD,,5315.10 ,2018/4/18,5315.10 ,0.00 ,,2018/7/27,, 30 ,2018/5/18, reveived ,received,Feb
Headway_Ultron,AFF,AFF,,CHN_56_04_18,,AFF,,3878.90 ,USD,,3878.90 ,2018/4/18,3878.90 ,0.00 ,,2018/7/10,, 30 ,2018/5/18, reveived ,received,Feb
"IKMY Co., Limited",AFF,AFF,,CHN_58_04_18,,AFF,,1317.00 ,USD,,1317.00 ,2018/4/18,1317.00 ,0.00 ,,2018/7/27,, 30 ,2018/5/18, reveived ,received,Feb
Plarium Global Ltd.,UK,UK,,UK_03_05_18,,UK,,3491.00 ,USD,,3491.00 ,2018/5/7,3491.00 ,0.00 ,,2018/7/12,, 30 ,2018/6/6, reveived ,received,April
Yodel Mobile Ltd,UK,UK,,UK_04_05_18,,UK,,13934.47 ,GBP,,13934.47 ,2018/5/8,13934.47 ,0.00 ,,2018/7/9,, 30 ,2018/6/7, reveived ,received,April Management fee
Hong Kong NetEase Interactive Entertainment Limited（网易海外）,China Sales,China Sales South,,CHN_14_05_18,,Vanness,,605.30 ,USD,,605.30 ,2018/5/9,605.30 ,0.00 ,,2018/7/25,, 30 ,2018/6/8, reveived ,received,April Uno
WHG （International）Limited&WHG Trading Limited（William Hill）,UK,UK,,UK_05_05_18,,UK,,7167.88 ,GBP,,7167.88 ,2018/5/11,7167.88 ,0.00 ,,2018/7/18,, 30 ,2018/6/10, reveived ,received,April
Coral Interactive (Gibraltar) Limited (Ladbrokes),UK,UK,,UK_08_05_18,,UK,,5998.00 ,USD,,5998.00 ,2018/5/11,5998.00 ,0.00 ,,2018/8/3,, 30 ,2018/6/10, reveived ,received,April
Ecart Services Malaysia Sdn Bhd (Lazada MY),APAC,Indonesia,,SGP_05_05_18,,Edo,,18430.82 ,USD,,18430.82 ,2018/5/14,18400.82 ,30.00 ,,2018/8/2,, 30 ,2018/6/13, reveived ,received,April
PT Ecart Webportal Indonesia (Lazada ID),APAC,Indonesia,,SGP_06_05_18,,Edo,,19.80 ,USD,,19.80 ,2018/5/14,19.80 ,0.00 ,,2018/8/10,, 30 ,2018/6/13, reveived ,received,April
Recess Company Ltd (Lazada VN),APAC,Indonesia,,SGP_10_05_18,,Edo,,201.60 ,USD,,201.60 ,2018/5/14,181.94 ,19.66 ,,2018/7/16,, 30 ,2018/6/13, reveived ,received,April
PT Web Marketing Indonesia,APAC,Indonesia,,SGP_11_05_18,,Edo,,20845.90 ,USD,,20845.90 ,2018/5/14,20845.90 ,0.00 ,,2018/9/20,, 30 ,2018/6/13, reveived ,received,April
Digital Media Technology SLU(Headway_Ultron),AFF,AFF,,CHN_23_05_18,,AFF,,9688.43 ,USD,,9688.43 ,2018/5/15,9646.51 ,41.92 ,,2018/7/10,, 30 ,2018/6/14, reveived ,received,Mar
AppNext Ltd,AFF,AFF,,CHN_24_05_18,,AFF,,140889.82 ,USD,,140889.82 ,2018/5/15,,140889.82 ,,2018/8/1,, 30 ,2018/6/14, reveived ,received,Mar
Sungy Mobile Limited (Gomo_Ultron),AFF,AFF,,CHN_25_05_18,,AFF,,469.43 ,USD,,469.43 ,2018/5/15,469.43 ,0.00 ,,2018/8/24,, 30 ,2018/6/14, reveived ,received,Mar
Spatium Sdn. Bhd,APAC,Indonesia,,SGP_13_05_18,,Edo,,4792.05 ,USD,,4792.05 ,2018/5/16,4792.05 ,0.00 ,,2018/7/6,, 30 ,2018/6/15, reveived ,received,April
Glispa GmbH（Ultron）,AFF,AFF,,CHN_28_05_18,,AFF,,2499.03 ,USD,,2499.03 ,2018/5/16,2499.03 ,0.00 ,,2018/8/2,, 30 ,2018/6/15, reveived ,received,Mar
"Hongkong Lehui Network Technology Co., Limited(Clinkad）",AFF,AFF,,CHN_33_05_18,,AFF,,7926.69 ,USD,,7926.69 ,2018/5/16,,7926.69 ,,2018/8/27,, 30 ,2018/6/15, reveived ,received,Mar
Mobvista International Technology Limited-Ultron,AFF,AFF,,CHN_36_05_18,,AFF,,75530.83 ,USD,,75530.83 ,2018/5/16,75530.83 ,0.00 ,,2018/8/4,, 30 ,2018/6/15, reveived ,received,Mar
Mobupps International Limited,AFF,AFF,,CHN_39_05_18,,AFF,,22180.30 ,USD,,22180.30 ,2018/5/17,22134.00 ,46.30 ,,2018/7/31,, 30 ,2018/6/16, reveived ,received,Mar
RoadmappDigital_Ultron,AFF,AFF,,CHN_42_05_18,,AFF,,15714.50 ,USD,,15714.50 ,2018/5/17,15696.20 ,18.30 ,,2018/7/20,, 30 ,2018/6/16, reveived ,received,Mar
Skyworker Digital Limited（Skyworker_Ultron）,AFF,AFF,,CHN_46_05_18,,AFF,,1817.57 ,USD,,1817.57 ,2018/5/17,1817.57 ,0.00 ,,2018/7/3,, 30 ,2018/6/16, reveived ,received,Mar
App Samurai Inc,UK,UK,,UK_10_05_18,,UK,,1364.00 ,USD,,1364.00 ,2018/5/17,1364.00 ,0.00 ,,2018/7/31,, 30 ,2018/6/16, reveived ,received,April
"IKMY Co., Limited",AFF,AFF,,CHN_52_05_18,,AFF,,1225.09 ,USD,,1225.09 ,2018/5/22,1225.09 ,0.00 ,,2018/7/27,, 30 ,2018/6/21, reveived ,received,Mar
Sungy Mobile Limited (Gomo_Ultron),AFF,AFF,,CHN_54_05_18,,AFF,,313.68 ,USD,,313.68 ,2018/5/22,313.68 ,0.00 ,,2018/8/24,, 30 ,2018/6/21, reveived ,received,Jan
Sungy Mobile Limited (Gomo_Ultron),AFF,AFF,,CHN_55_05_18,,AFF,,119.36 ,USD,,119.36 ,2018/5/22,119.36 ,0.00 ,,2018/8/24,, 30 ,2018/6/21, reveived ,received,Feb
Morenti Inc,UK,UK,,US_02_05_18,,UK,,1650.00 ,USD,,1650.00 ,2018/5/24,,1650.00 ,,2018/9/11,, 30 ,2018/6/23, reveived ,received,prepayment
Alibaba.com Hong Kong Limited,China Sales,China Sales East,,CHN_01_06_18,,Ander,,223.42 ,USD,,223.42 ,2018/6/4,223.42 ,0.00 ,,2018/7/12,, 30 ,2018/7/4, reveived ,received,April 淘宝lite
"HYLINK(HK) DIGITAL SOLUTION CO., LIMITED",China Sales,China Sales East,,CHN_02_06_18,,Ander,,10099.79 ,USD,,10099.79 ,2018/6/4,10097.87 ,1.92 ,,2018/7/16,, 30 ,2018/7/4, reveived ,received,April
Click Tech Limited(Yeamobi),AFF,AFF,,CHN_05_06_18,,AFF,,10717.00 ,USD,,10717.00 ,2018/6/4,10717.00 ,0.00 ,,2018/7/18,, 30 ,2018/7/4, reveived ,received,Mar
RoadmappDigital_Ultron,AFF,AFF,,CHN_07_06_18,,AFF,,1880.59 ,USD,,1880.59 ,2018/6/4,,1880.59 ,,2018/8/22,, 30 ,2018/7/4, reveived ,received,April
"Hongkong Lehui Network Technology Co., Limited(Clinkad）",AFF,AFF,,CHN_08_06_18,,AFF,,5023.50 ,USD,,5023.50 ,2018/6/4,4990.22 ,33.28 ,,2018/7/16,, 30 ,2018/7/4, reveived ,received,Feb
Minimob,AFF,AFF,,CHN_13_06_18,,AFF,,392.86 ,USD,,392.86 ,2018/6/4,392.86 ,0.00 ,,2018/9/6,, 30 ,2018/7/4, reveived ,received,Mar
HONG KONG BLACK BEARD GAME LIMITED,China Sales,China Sales South,,CHN_17_06_18,,Vanness,,10367.09 ,USD,,10367.09 ,2018/6/6,10365.17 ,1.92 ,,2018/7/11,, 30 ,2018/7/6, reveived ,received,May 新三国志
EFUN COMPANY LIMITED,China Sales,China Sales South,,CHN_18_06_18,,Vanness,,151241.24 ,USD,,151241.24 ,2018/6/6,151239.32 ,1.92 ,,2018/7/27,, 30 ,2018/7/6, reveived ,received,May 三国志
Foyo Culture And Entertainment (Hong Kong) Limited,China Sales,China Sales South,,CHN_22_06_18,,Vanness,,884.24 ,USD,,884.24 ,2018/6/7,882.32 ,1.92 ,,2018/7/3,, 30 ,2018/7/7, reveived ,received,May 永恒纷争
Mainspring Technology Pte Ltd (Spatium),APAC,Indonesia,,SGP_05_06_18,,Edo,,5758.70 ,USD,,5758.70 ,2018/6/7,5758.70 ,0.00 ,,2018/7/6,, 30 ,2018/7/7, reveived ,received,May
PCCW Vuclip (Singapore) Pte Ltd（Vuclip）,APAC,SGP,,SGP_07_06_18,,Amanda,,1463.00 ,USD,,1463.00 ,2018/6/11,1463.00 ,0.00 ,,2018/7/9,, 30 ,2018/7/11, reveived ,received,May
Autodoc GmbH,UK,UK,,UK_01_06_18,,UK,,974.30 ,USD,,974.30 ,2018/6/11,974.30 ,0.00 ,,2018/7/10,, 30 ,2018/7/11, reveived ,received,May
Wag Labs Inc,UK,UK,,UK_02_06_18,,UK,,748.00 ,USD,,748.00 ,2018/6/11,,748.00 ,,2018/7/10,, 30 ,2018/7/11, reveived ,received,May
Coral Interactive (Gibraltar) Limited (Ladbrokes),UK,UK,,UK_03_06_18,,UK,,5820.00 ,USD,,5820.00 ,2018/6/11,5820.00 ,0.00 ,,2018/8/3,, 30 ,2018/7/11, reveived ,received,May
Apptick Mobilie Limited,AFF,AFF,,CHN_25_06_18,,AFF,,2818.16 ,USD,,2818.16 ,2018/6/11,2818.16 ,0.00 ,,2018/7/27,, 30 ,2018/7/11, reveived ,received,April
OASIS SANQI NETWORK TECHNOLOGY LIMITED(altamob）,AFF,AFF,,CHN_27_06_18,,AFF,,42412.03 ,USD,,42412.03 ,2018/6/11,42412.03 ,0.00 ,,2018/9/7,, 30 ,2018/7/11, reveived ,received,April
"AppTap, LLC_Ultron",AFF,AFF,,CHN_28_06_18,,AFF,,64476.58 ,USD,,64476.58 ,2018/6/11,64458.28 ,18.30 ,,2018/7/20,, 30 ,2018/7/11, reveived ,received,April
Baidu (HongKong) Limited-API,AFF,AFF,,CHN_29_06_18,,AFF,,112470.00 ,USD,,112470.00 ,2018/6/11,112470.00 ,0.00 ,,2018/7/31,, 30 ,2018/7/11, reveived ,received,April
Digitrading Hongkong Limited（敦煌网）,China Sales,China Sales East,,CHN_30_06_18,,Ander,,18215.52 ,USD,,18215.52 ,2018/6/11,18215.52 ,0.00 ,,2018/7/3,, 30 ,2018/7/11, reveived ,received,May
"Bat Technology CO., Limited（Ultron）",AFF,AFF,,CHN_31_06_18,,AFF,,48637.37 ,USD,,48637.37 ,2018/6/11,48637.37 ,0.00 ,,2018/7/17,, 30 ,2018/7/11, reveived ,received,April
Chestnut Tech Limted (Chestunt_Ultron),AFF,AFF,,CHN_32_06_18,,AFF,,884.13 ,USD,,884.13 ,2018/6/11,875.21 ,8.92 ,,2018/7/24,, 30 ,2018/7/11, reveived ,received,April
Cook Media Ltd(Edge226_Ultron),AFF,AFF,,CHN_33_06_18,,AFF,,2127.12 ,USD,,2127.12 ,2018/6/11,2127.12 ,0.00 ,,2018/7/11,, 30 ,2018/7/11, reveived ,received,April
Sungy Mobile Limited (Gomo_Ultron),AFF,AFF,,CHN_34_06_18,,AFF,,1206.95 ,USD,,1206.95 ,2018/6/11,1206.95 ,0.00 ,,2018/8/24,, 30 ,2018/7/11, reveived ,received,April
Glispa GmbH（Ultron）,AFF,AFF,,CHN_36_06_18,,AFF,,9016.60 ,USD,,9016.60 ,2018/6/11,8925.80 ,90.80 ,,2018/8/2,, 30 ,2018/7/11, reveived ,received,April
Hopemobi Technology Limited,AFF,AFF,,CHN_37_06_18,,AFF,,10126.28 ,USD,,10126.28 ,2018/6/11,10124.36 ,1.92 ,,2018/7/10,, 30 ,2018/7/11, reveived ,received,April
Mobupps International Limited,AFF,AFF,,CHN_38_06_18,,AFF,,20575.00 ,USD,,20575.00 ,2018/6/11,20504.20 ,70.80 ,,2018/8/28,, 30 ,2018/7/11, reveived ,received,April
Leadbolt Pty Ltd,AFF,AFF,,CHN_39_06_18,,AFF,,148.17 ,USD,,148.17 ,2018/6/11,305.56 ,(157.39),,2018/7/9,, 30 ,2018/7/11, reveived ,received,April
Mobvista International Technology Limited-Ultron,AFF,AFF,,CHN_40_06_18,,AFF,,107311.53 ,USD,,107311.53 ,2018/6/11,107311.53 ,0.00 ,,2018/8/10,, 30 ,2018/7/11, reveived ,received,April
TOTALMOBRAND S.A.（Mobrand_Ultron）,AFF,AFF,,CHN_41_06_18,,AFF,,2710.96 ,USD,,2710.96 ,2018/6/11,2672.66 ,38.30 ,,2018/9/6,, 30 ,2018/7/11, reveived ,received,April
"Hong Kong Shengmu Data Network Technology Co., Limited(Mightapp)",AFF,AFF,,CHN_43_06_18,,AFF,,3297.72 ,USD,,3297.72 ,2018/6/11,3295.81 ,1.91 ,,2018/8/8,, 30 ,2018/7/11, reveived ,received,April
Digital Media Technology SLU(Headway_Ultron),AFF,AFF,,CHN_45_06_18,,AFF,,15978.37 ,USD,,15978.37 ,2018/6/13,15936.45 ,41.92 ,,2018/7/31,, 30 ,2018/7/13, reveived ,received,April
Skyworker Digital Limited（Skyworker_Ultron）,AFF,AFF,,CHN_47_07_18,,AFF,,9505.75 ,USD,,9505.75 ,2018/6/13,9486.48 ,19.27 ,,2018/7/3,, 30 ,2018/7/13, reveived ,received,April
Smarter Wireless Communications Technology (HK) Limited,AFF,AFF,,CHN_48_06_18,,AFF,,28722.06 ,USD,,28722.06 ,2018/6/13,28722.06 ,0.00 ,,2018/8/2,, 30 ,2018/7/13, reveived ,received,April
Newborn Town International Enterprise Limited（Solo API）,AFF,AFF,,CHN_49_06_18,,AFF,,21330.90 ,USD,,21330.90 ,2018/6/13,21330.90 ,0.00 ,,2018/7/27,, 30 ,2018/7/13, reveived ,received,April
"Surmobi International Co., Ltd",AFF,AFF,,CHN_50_06_18,,AFF,,1649.05 ,USD,,1649.05 ,2018/6/13,1649.05 ,0.00 ,,2018/9/17,, 30 ,2018/7/13, reveived ,received,April
HONGKONG WEBEYE LIMITED(Webeye),AFF,AFF,,CHN_51_06_18,,AFF,,22195.47 ,USD,,22195.47 ,2018/6/13,22193.55 ,1.92 ,,2018/7/25,, 30 ,2018/7/13, reveived ,received,April
Click Tech Limited(Yeamobi),AFF,AFF,,CHN_52_06_18,,AFF,,13124.06 ,USD,,13124.06 ,2018/6/13,13115.14 ,8.92 ,,2018/7/18,, 30 ,2018/7/13, reveived ,received,April
YouAppi Inc,AFF,AFF,,CHN_53_06_18,,AFF,,9072.85 ,USD,,9072.85 ,2018/6/13,,9072.85 ,,2018/7/5,, 30 ,2018/7/13, reveived ,received,April
"Whatech Mobile Co.,Limited(Mobisummer)",AFF,AFF,,CHN_57_06_18,,AFF,,11694.44 ,USD,,11694.44 ,2018/6/13,11692.52 ,1.92 ,,2018/7/10,, 30 ,2018/7/13, reveived ,received,April
Mobchang_Ultron,AFF,AFF,,CHN_58_06_18,,AFF,,2701.07 ,USD,,2701.07 ,2018/6/13,2701.07 ,0.00 ,,2018/9/6,, 30 ,2018/7/13, reveived ,received,April
Mobfire Entertainment Inc,AFF,AFF,,CHN_59_06_18,,AFF,,4852.57 ,USD,,4852.57 ,2018/6/13,3122.96 ,1729.61 ,,2018/9/5,, 30 ,2018/7/13, reveived ,received,April
"Hongkong Lehui Network Technology Co., Limited(Clinkad）",AFF,AFF,,CHN_60_06_18,,AFF,,10473.67 ,USD,,10473.67 ,2018/6/13,10440.37 ,33.30 ,,2018/9/6,, 30 ,2018/7/13, reveived ,received,April
PT. Airy Nest Indonesia,APAC,Indonesia,,SGP_09_06_18,,Edo,,3751.20 ,USD,,3751.20 ,2018/6/13,3751.20 ,0.00 ,,2018/7/5,, 30 ,2018/7/13, reveived ,received,May
SVG Media FZ. LLC(Seventynine),APAC,SGP,,SGP_10_06_18,,Amanda,,2305.00 ,USD,,2305.00 ,2018/6/13,2275.00 ,30.00 ,,2018/7/6,, 30 ,2018/7/13, reveived ,received,May
PT Ecart Webportal Indonesia (Lazada ID),APAC,Indonesia,,SGP_12_06_18,,Edo,,9410.72 ,USD,,9410.72 ,2018/6/13,9410.72 ,0.00 ,,2018/8/10,, 30 ,2018/7/13, reveived ,received,May
"Lazada E-Services Philippines, Inc (Lazada PH)",APAC,Indonesia,,SGP_13_06_18,,Edo,,22166.10 ,USD,,22166.10 ,2018/6/13,22166.10 ,0.00 ,,2018/7/20,, 30 ,2018/7/13, reveived ,received,May
Ecart Services Malaysia Sdn Bhd (Lazada MY),APAC,Indonesia,,SGP_14_06_18,,Edo,,21984.43 ,USD,,21984.43 ,2018/6/13,21954.43 ,30.00 ,,2018/9/6,, 30 ,2018/7/13, reveived ,received,May
Lazada Singapore Pte. Ltd(Lazada SG),APAC,Indonesia,,SGP_15_06_18,,Edo,,1725.24 ,USD,,1725.24 ,2018/6/13,1725.24 ,0.00 ,,2018/8/1,, 30 ,2018/7/13, reveived ,received,May
Lazada Limited (Lazada TH),APAC,Indonesia,,SGP_16_06_18,,Edo,,4630.80 ,USD,,4630.80 ,2018/6/13,4610.80 ,20.00 ,,2018/7/16,, 30 ,2018/7/13, reveived ,received,May
Recess Company Ltd (Lazada VN),APAC,Indonesia,,SGP_17_06_18,,Edo,,5660.54 ,USD,,5660.54 ,2018/6/14,5088.63 ,571.91 ,,2018/8/10,, 30 ,2018/7/14, reveived ,received,May
Wowcher Limited,UK,UK,,UK_06_06_18,,UK,,9386.93 ,USD,,9386.93 ,2018/6/14,9386.93 ,0.00 ,,2018/7/26,, 60 ,2018/8/13, reveived ,received,May
Huuuge Global Limited,UK,UK,,UK_08_16_18,,UK,,179.00 ,USD,,179.00 ,2018/6/14,164.00 ,15.00 ,,2018/7/17,, 30 ,2018/7/14, reveived ,received,May
"Bat Technology CO., Limited（Batmobi）",China Sales,China Sales South,,CHN_64_06_18,,Vanness,,86516.60 ,USD,,86516.60 ,2018/6/19,86516.60 ,0.00 ,,2018/7/13,, 30 ,2018/7/19, reveived ,received,May
Yodel Mobile Ltd,UK,UK,,UK_09_06_18,,UK,,7745.28 ,GBP,,7745.28 ,2018/6/19,7745.28 ,0.00 ,,2018/8/20,, 30 ,2018/7/19, reveived ,received,May
UNILEAD PTE.LTD,UK,UK,,UK_10_06_18,,UK,,2378.92 ,USD,,2378.92 ,2018/6/19,2353.92 ,25.00 ,,2018/7/10,, 30 ,2018/7/19, reveived ,received,April-May
Cliiky Network Limited,AFF,AFF,,CHN_65_06_18,,AFF,,1626.00 ,USD,,1626.00 ,2018/6/19,1626.00 ,0.00 ,,2018/7/18,, 30 ,2018/7/19, reveived ,received,April
Cloudmob Limited,AFF,AFF,,CHN_66_06_18,,AFF,,117.71 ,USD,,117.71 ,2018/6/19,117.71 ,0.00 ,,2018/8/21,, 30 ,2018/7/19, reveived ,received,April
Dofun Technology Limited,AFF,AFF,,CHN_67_06_18,,AFF,,3823.56 ,USD,,3823.56 ,2018/6/19,3821.64 ,1.92 ,,2018/7/4,, 30 ,2018/7/19, reveived ,received,April
Huntmobi Holdings Limited,AFF,AFF,,CHN_68_06_18,,AFF,,1393.72 ,USD,,1393.72 ,2018/6/19,1393.72 ,0.00 ,,2018/9/12,, 30 ,2018/7/19, reveived ,received,April
Fiverr International Ltd,UK,UK,,UK_11_06_18,,UK,,180.00 ,USD,,180.00 ,2018/6/21,180.00 ,0.00 ,,2018/8/15,, 30 ,2018/7/21, reveived ,received,May
WHG （International）Limited&WHG Trading Limited（William Hill）,UK,UK,,UK_12_06_18,,UK,,5916.82 ,GBP,,5916.82 ,2018/6/21,5916.82 ,0.00 ,,2018/7/19,, 30 ,2018/7/21, reveived ,received,May
Hong Kong NetEase Interactive Entertainment Limited（网易海外）,China Sales,China Sales South,,CHN_71_06_18,,Vanness,,17334.00 ,USD,,17334.00 ,2018/6/21,17334.00 ,0.00 ,,2018/7/11,, 30 ,2018/7/21, reveived ,received,June1-15
COPO Technology Limited,#N/A,#N/A,,CHN_72_06_18,,Lilian,,289274.54 ,USD,,289274.54 ,2018/6/22,289272.62 ,1.92 ,,2018/7/20,, 30 ,2018/7/22, reveived ,received,May
Alibaba.com Singapore E-commerce Private Limited,China Sales,China Sales East,,CHN_73_06_18,,Ander,,281691.93 ,USD,,281691.93 ,2018/6/22,281691.93 ,0.00 ,,2018/7/4,, 30 ,2018/7/22, reveived ,received,March
Alibaba.com Singapore E-commerce Private Limited,China Sales,China Sales East,,CHN_74_06_18,,Ander,,294143.16 ,USD,,294143.16 ,2018/6/22,294143.16 ,0.00 ,,2018/7/4,, 30 ,2018/7/22, reveived ,received,March
Alibaba.com Singapore E-commerce Private Limited,China Sales,China Sales East,,CHN_75_06_18,,Ander,,5355939.95 ,USD,,5355939.95 ,2018/6/22,5355939.95 ,0.00 ,,2018/7/4,, 30 ,2018/7/22, reveived ,received,March
Bytedance Inc.今日头条,China Sales,China Sales North,,CHN_76_06_18,,Bonnie,,3609099.86 ,USD,,3609099.86 ,2018/6/25,3609081.56 ,18.30 ,,2018/7/11,, 30 ,2018/7/25, reveived ,received,May
PT.MP Games,APAC,Indonesia,,SGP_19_06_18,,Edo,,23843.40 ,USD,,23843.40 ,2018/6/25,23843.40 ,0.00 ,,2018/9/7,, 30 ,2018/7/25, reveived ,received,May
Taptica Ltd,AFF,AFF,,US_01_07_18,,AFF,,26546.70 ,USD,,26546.70 ,2018/7/1,26546.70 ,0.00 ,,2018/7/17,, 30 ,2018/7/31, reveived ,received,May
Mobgeek Marketing Planning (HK) Limited,AFF,AFF,,CHN_02_07_18,,AFF,,5315.32 ,USD,,5315.32 ,2018/7/1,5294.36 ,20.96 ,,2018/8/28,, 30 ,2018/7/31, reveived ,received,April
"HYLINK(HK) DIGITAL SOLUTION CO., LIMITED",China Sales,China Sales East,,CHN_03_07_18,,Ander,,18577.49 ,USD,,18577.49 ,2018/7/1,18575.58 ,1.91 ,,2018/8/13,, 30 ,2018/7/31, reveived ,received,May
Plarium Global Ltd.,UK,UK,,UK_01_07_18,,UK,,1599.00 ,USD,,1599.00 ,2018/7/1,1599.00 ,0.00 ,,2018/7/12,, 30 ,2018/7/31, reveived ,received,May
App Samurai Inc,UK,UK,,UK_02_07_18,,UK,,1051.00 ,USD,,1051.00 ,2018/7/1,1031.00 ,20.00 ,,2018/7/31,, 30 ,2018/7/31, reveived ,received,May
PT.Shopee International Indonesia,APAC,SGP,,SGP_01_07_18,,Amanda,,7020.00 ,USD,,7020.00 ,2018/7/3,7020.00 ,0.00 ,,2018/7/27,, 30 ,2018/8/2, reveived ,received,May
Adfit PLT,APAC,SGP,,SGP_02_07_18,,Amanda,,2884.77 ,SGD,,2884.77 ,2018/7/3,2885.00 ,(0.23),,2018/7/5,, 30 ,2018/8/2, reveived ,received,prepayment
SVG Media FZ. LLC(Seventynine),APAC,Indonesia,,CHN_30_03_18CM,,Edo,,(127.40),USD,,(127.40),2018/7/4,,(127.40),,2018/7/4,, 30 ,2018/8/3, reveived ,received,cancelled invoice of Feb
SVG Media FZ. LLC(Seventynine),APAC,Indonesia,,SGP_03_07_18,,Edo,,127.40 ,USD,,127.40 ,2018/7/4,,127.40 ,,2018/7/4,, 30 ,2018/8/3, reveived ,received,Feb
"Firestorm-sea (HK) Co., Limited（热浪出海）",China Sales,China Sales North,,CHN_04_07_18,,Bonnie,,34390.90 ,USD,,34390.90 ,2018/7/5,34390.90 ,0.00 ,,2018/7/11,, 30 ,2018/8/4, reveived ,received,May
FYXTECH LIMITED（雅乐）,China Sales,China Sales North,,CHN_05_07_18,,Bonnie,,899.90 ,USD,,899.90 ,2018/7/5,899.90 ,0.00 ,,2018/7/12,, 30 ,2018/8/4, reveived ,received,June
YouAppi Inc,AFF,AFF,,CHN_53_06_18CM,,AFF,,(9072.85),USD,,(9072.85),2018/7/5,,(9072.85),,2018/7/5,, 30 ,2018/8/4, reveived ,received,Cancelled invoice of Apr.18
YOUZU Games Hongkong Limited,China Sales,China Sales East,,CHN_07_07_18,,Ander,,23613.00 ,USD,,23613.00 ,2018/7/9,23613.00 ,0.00 ,,2018/9/14,, 60 ,2018/9/7, reveived ,received,June
EFUN COMPANY LIMITED,China Sales,China Sales South,,CHN_08_07_18,,Vanness,,71939.16 ,USD,,71939.16 ,2018/7/9,71939.16 ,0.00 ,,2018/9/21,, 30 ,2018/8/8, reveived ,received,June 三国志
HONG KONG BLACK BEARD GAME LIMITED,China Sales,China Sales South,,CHN_09_07_18,,Vanness,,17188.11 ,USD,,17188.11 ,2018/7/9,17186.20 ,1.91 ,,2018/8/16,, 30 ,2018/8/8, reveived ,received,June 新三国志
香港创酷互动娱乐有限公司,China Sales,China Sales South,,CHN_10_07_18,,Vanness,,668.15 ,USD,,668.15 ,2018/7/9,668.15 ,0.00 ,,2018/7/30,, 30 ,2018/8/8, reveived ,received,June
DeNA HONGKONG LIMITED,China Sales,China Sales South,,CHN_11_07_18,,Vanness,,1445.00 ,USD,,1445.00 ,2018/7/9,1443.08 ,1.92 ,,2018/7/16,, 30 ,2018/8/8, reveived ,received,June 圣斗士星矢
香港创酷互动娱乐有限公司,China Sales,China Sales South,,CHN_12_07_18,,Vanness,,133108.96 ,USD,,133108.96 ,2018/7/9,133107.04 ,1.92 ,,2018/7/30,, 30 ,2018/8/8, reveived ,received,June
Digitrading Hongkong Limited（敦煌网）,China Sales,China Sales East,,CHN_14_07_18,,Ander,,18684.39 ,USD,,18684.39 ,2018/7/9,18684.39 ,0.00 ,,2018/7/24,, 30 ,2018/8/8, reveived ,received,June
JOLLYCHIC EC LIMITED（杭州执御）,China Sales,China Sales EC,,CHN_15_07_18,,XinXin,,3802.27 ,USD,,3802.27 ,2018/7/9,3800.35 ,1.92 ,,2018/7/27,, 30 ,2018/8/8, reveived ,received,June Facebook
LOMEWAY E-COMMERCE (HONGKONG)LIMITED（环球易购）,China Sales,China Sales EC,,CHN_16_07_18,,XinXin,,100245.53 ,USD,,100245.53 ,2018/7/9,100245.53 ,0.00 ,,2018/7/4,, 30 ,2018/8/8, reveived ,received,June
LOMEWAY E-COMMERCE (HONGKONG)LIMITED（环球易购）,China Sales,China Sales EC,,CHN_17_07_18,,XinXin,,93732.59 ,USD,,93732.59 ,2018/7/9,93732.59 ,0.00 ,,2018/7/4,, 30 ,2018/8/8, reveived ,received,June
AdAction Interactive LLC,UK,UK,,UK_05_07_18,,UK,,1068.80 ,USD,,1068.80 ,2018/7/9,1068.80 ,0.00 ,,2018/8/1,, 30 ,2018/8/8, reveived ,received,June
TEFINCOM S.A,UK,UK,,UK_06_07_18,,UK,,989.00 ,USD,,989.00 ,2018/7/9,989.00 ,0.00 ,,2018/7/11,, 30 ,2018/8/8, reveived ,received,June
Fiverr International Ltd,UK,UK,,UK_07_07_18,,UK,,480.00 ,USD,,480.00 ,2018/7/9,480.00 ,0.00 ,,2018/8/15,, 30 ,2018/8/8, reveived ,received,June
PT.Shopee International Indonesia,APAC,SGP,,SGP_05_07_18,,Amanda,,3052.00 ,USD,,3052.00 ,2018/7/10,3052.00 ,0.00 ,,2018/8/20,, 30 ,2018/8/9, reveived ,received,June
Wag Labs Inc,UK,UK,,UK_02_06_18CM,,UK,,(748.00),USD,,(748.00),2018/7/10,,(748.00),,2018/7/10,, 30 ,2018/8/9, reveived ,received,cancelled invoice of May
Wag Labs Inc,UK,UK,,UK_08_07_18,,UK,,442.00 ,USD,,442.00 ,2018/7/10,728.00 ,(286.00),,2018/7/31,, 30 ,2018/8/9, reveived ,received,May
Wag Labs Inc,UK,UK,,UK_09_07_18,,UK,,34.00 ,USD,,34.00 ,2018/7/10,34.00 ,0.00 ,,2018/7/31,, 30 ,2018/8/9, reveived ,received,June
PT. Airy Nest Indonesia,APAC,Indonesia,,SGP_06_07_18,,Edo,,4359.20 ,USD,,4359.20 ,2018/7/11,4359.20 ,0.00 ,,2018/8/21,, 30 ,2018/8/10, reveived ,received,June
LOMEWAY E-COMMERCE (HONGKONG)LIMITED（环球易购）,China Sales,China Sales EC,,CHN_18_07_18,,XinXin,,1520.48 ,USD,,1520.48 ,2018/7/11,,1520.48 ,,2018/8/21,, 30 ,2018/8/10, reveived ,received,June Facebook代投
Adfit PLT,APAC,SGP,,SGP_07_07_18,,Amanda,,1426.53 ,SGD,,1426.53 ,2018/7/11,1427.00 ,(0.47),,2018/7/12,, 30 ,2018/8/10, reveived ,received,prepayment
金华全拼电商管理有限公司,China Sales,China Sales EC,,CHN_20_07_18,,XinXin,,11211.79 ,USD,,11211.79 ,2018/7/11,11211.79 ,0.00 ,,2018/7/12,, 30 ,2018/8/10, reveived ,received,June facebook6月
PT.MP Games,APAC,Indonesia,,SGP_09_07_18,,Edo,,4644.00 ,USD,,4644.00 ,2018/7/11,4644.00 ,0.00 ,,2018/9/7,, 30 ,2018/8/10, reveived ,received,June
Yodel Mobile Ltd,UK,UK,,UK_10_07_18,,UK,,12099.96 ,GBP,,12099.96 ,2018/7/12,12099.96 ,0.00 ,,2018/9/17,, 30 ,2018/8/11, reveived ,received,June
Yodel Mobile Ltd,UK,UK,,UK_11_07_18,,UK,,615.77 ,GBP,,615.77 ,2018/7/12,615.77 ,0.00 ,,2018/9/17,, 30 ,2018/8/11, reveived ,received,June
Planit LGPM,UK,UK,,UK_12_07_18,,UK,,224.40 ,GBP,,224.40 ,2018/7/12,224.40 ,0.00 ,,2018/8/17,, 30 ,2018/8/11, reveived ,received,June
Adorca Hongkong Limited,AFF,AFF,,CHN_21_07_18,,AFF,,16886.26 ,USD,,16886.26 ,2018/7/12,16886.26 ,0.00 ,,2018/8/13,, 30 ,2018/8/11, reveived ,received,May
Apptick Mobilie Limited,AFF,AFF,,CHN_22_07_18,,AFF,,2345.02 ,USD,,2345.02 ,2018/7/12,2344.96 ,0.06 ,,2018/7/27,, 30 ,2018/8/11, reveived ,received,May
OASIS SANQI NETWORK TECHNOLOGY LIMITED(altamob）,AFF,AFF,,CHN_23_07_18,,AFF,,41854.30 ,USD,,41854.30 ,2018/7/12,41854.30 ,0.00 ,,2018/9/7,, 30 ,2018/8/11, reveived ,received,May
"AppTap, LLC_Ultron",AFF,AFF,,CHN_25_07_18,,AFF,,48169.91 ,USD,,48169.91 ,2018/7/12,48151.61 ,18.30 ,,2018/8/21,, 30 ,2018/8/11, reveived ,received,May
Baidu (HongKong) Limited-API,AFF,AFF,,CHN_26_07_18,,AFF,,87421.00 ,USD,,87421.00 ,2018/7/12,87421.00 ,0.00 ,,2018/9/4,, 30 ,2018/8/11, reveived ,received,May
"Bat Technology CO., Limited（Ultron）",AFF,AFF,,CHN_27_07_18,,AFF,,63161.37 ,USD,,63161.37 ,2018/7/12,63161.37 ,0.00 ,,2018/8/31,, 30 ,2018/8/11, reveived ,received,May
Cliiky Network Limited,AFF,AFF,,CHN_28_07_18,,AFF,,629.34 ,USD,,629.34 ,2018/7/12,627.42 ,1.92 ,,2018/7/25,, 30 ,2018/8/11, reveived ,received,May
Bingmob Limited,AFF,AFF,,CHN_29_07_18,,AFF,,629.34 ,USD,,629.34 ,2018/7/12,,629.34 ,,2018/7/18,, 30 ,2018/8/11, reveived ,received,May
Ladbrokes Coral Group,UK,UK,,UK_14_07_18,,UK,,1232.00 ,USD,,1232.00 ,2018/7/13,1232.00 ,0.00 ,,2018/7/24,, 30 ,2018/8/12, reveived ,received,June
"Dreamscape Technology CO.,Limited(Oceanbys)",AFF,AFF,,CHN_30_07_18,,AFF,,4709.21 ,USD,,4709.21 ,2018/7/16,4700.29 ,8.92 ,,2018/7/26,, 30 ,2018/8/15, reveived ,received,May
Bingmob Limited,AFF,AFF,,CHN_48_07_18,,AFF,,(629.34),USD,,(629.34),2018/7/18,,(629.34),,2018/7/18,, 30 ,2018/8/17, reveived ,received,Cancelled invoice of May.18
Bingmob Limited,AFF,AFF,,CHN_49_07_18,,AFF,,612.50 ,USD,,612.50 ,2018/7/18,610.59 ,1.91 ,,2018/8/14,, 30 ,2018/8/17, reveived ,received,May
UNILEAD PTE.LTD,UK,UK,,UK_15_07_18,,UK,,(3442.03),USD,,(3442.03),2018/7/19,,(3442.03),,2018/7/19,, 30 ,2018/8/18, reveived ,received,Cancelled invoice of June
UNILEAD PTE.LTD,UK,UK,,UK_16_07_18,,UK,,2771.35 ,USD,,2771.35 ,2018/7/19,2746.35 ,25.00 ,,2018/8/2,, 30 ,2018/8/18, reveived ,received,June
UNILEAD PTE.LTD,UK,UK,,UK_64_07_18,,UK,,3442.03 ,USD,,3442.03 ,2018/7/19,,3442.03 ,,2018/7/19,, 30 ,2018/8/18, reveived ,received,June
Newborn Town International Enterprise Limited（Solo API）,AFF,AFF,,CHN_50_07_18,,AFF,,11763.98 ,USD,,11763.98 ,2018/7/18,11763.98 ,0.00 ,,2018/8/24,, 30 ,2018/8/17, reveived ,received,May
"HYLINK (HK) DIGITAL SOLUTION CO., LIMITED",China Sales,China Sales East,,CHN_51_07_18,,Ander,,33295.77 ,USD,,33295.77 ,2018/7/18,33293.86 ,1.91 ,,2018/8/24,, 30 ,2018/8/17, reveived ,received,June
TOTALMOBRAND S.A.（Mobrand_Ultron）,AFF,AFF,,CHN_53_06_18,,AFF,,1487.52 ,USD,,1487.52 ,2018/7/18,1449.22 ,38.30 ,,2018/9/6,, 30 ,2018/8/17, reveived ,received,May
Dofun Technology Limited,AFF,AFF,,CHN_56_07_18,,AFF,,3656.94 ,USD,,3656.94 ,2018/7/18,3655.02 ,1.92 ,,2018/9/21,, 30 ,2018/8/17, reveived ,received,May
PT Ecart Webportal Indonesia (Lazada ID),APAC,SGP,,SGP_57_07_18,,Amanda,,4144.80 ,USD,,4144.80 ,2018/7/18,4144.80 ,0.00 ,,2018/9/5,, 30 ,2018/8/17, reveived ,received,June
Alibaba.com Hong Kong Limited,China Sales,China Sales East,,CHN_59_07_18,,Ander,,620.54 ,USD,,620.54 ,2018/7/18,620.54 ,0.00 ,,2018/9/11,, 30 ,2018/8/17, reveived ,received,May阿里巴巴（淘宝lite）
MOBGEEK MARKETING PLANNING(HK) LIMITED (Mobgeek),AFF,AFF,,CHN_61_07_18,,AFF,,4199.37 ,USD,,4199.37 ,2018/7/25,4178.41 ,20.96 ,,2018/9/10,, 30 ,2018/8/24, reveived ,received,May
Bytedance Inc.今日头条,China Sales,China Sales North,,CHN_65_07_18,,Bonnie,,2707711.76 ,USD,,2707711.76 ,2018/7/19,2707693.46 ,18.30 ,,2018/8/2,, 30 ,2018/8/18, reveived ,received,June
"Motive Interactive, Inc",AFF,AFF,,CHN_31_07_18,,AFF,,2594.74 ,USD,,2594.74 ,2018/7/21,2557.31 ,37.43 ,,2018/7/7,, 30 ,2018/8/20, reveived ,received,May
OP Vision LTD(Persona.ly),AFF,AFF,,CHN_32_07_18,,AFF,,15117.25 ,USD,,15117.25 ,2018/7/21,15114.80 ,2.45 ,,2018/7/11,, 30 ,2018/8/20, reveived ,received,May
"Recess Company, Ltd.(Lazada VN)",APAC,SGP,,SGP_63_07_18,,Amanda,,13504.16 ,USD,,13504.16 ,2018/7/23,12162.50 ,1341.66 ,,2018/9/19,, 30 ,2018/8/22, reveived ,received,June
"Lazada E-Services Philippines, Inc (Lazada PH)",APAC,SGP,,SGP_65_07_18,,Amanda,,6845.52 ,USD,,6845.52 ,2018/7/23,6845.52 ,0.00 ,,2018/9/21,, 30 ,2018/8/22, reveived ,received,June
Lazada Limited (Lazada TH),APAC,SGP,,SGP_66_07_18,,Amanda,,4994.76 ,USD,,4994.76 ,2018/7/23,4974.76 ,20.00 ,,2018/8/27,, 30 ,2018/8/22, reveived ,received,June
Lazada Singapore Pte. Ltd(Lazada SG),APAC,SGP,,SGP_67_07_18,,Amanda,,2857.80 ,USD,,2857.80 ,2018/7/23,2857.80 ,0.00 ,,2018/8/23,, 30 ,2018/8/22, reveived ,received,June
Badoo Trading Ltd,UK,UK,,UK_17_07_18,,UK,,7033.55 ,USD,,7033.55 ,2018/7/23,7033.55 ,0.00 ,,2018/9/14,, 30 ,2018/8/22, reveived ,received,June
NovelPlus Sdn Bhd,APAC,SGP,,SGP_68_07_18,,Amanda,,45.60 ,USD,,45.60 ,2018/7/23,45.60 ,0.00 ,,2018/8/15,, 30 ,2018/8/22, reveived ,received,June
Skyworker Digital Limited（Skyworker_Ultron）,AFF,AFF,,CHN_35_07_18,,AFF,,7125.34 ,USD,,7125.34 ,2018/7/23,7125.34 ,0.00 ,,2018/9/17,, 30 ,2018/8/22, reveived ,received,May
Smarter Wireless Communications Technology (HK) limited,AFF,AFF,,CHN_36_07_18,,AFF,,20564.35 ,USD,,20564.35 ,2018/7/23,20564.35 ,0.00 ,,2018/8/2,, 30 ,2018/8/22, reveived ,received,May
"Hongkong Lehui Network Technology Co., Limited(Clinkad）",AFF,AFF,,CHN_33_05_18 CM,,AFF,,(7926.29),USD,,(7926.29),2018/7/24,,(7926.29),,2018/7/24,, 30 ,2018/8/23, reveived ,received,Cancelled invoice of Mar.18
TIDEBUY INTERNATIONAL LIMITED(踏浪者国际),China Sales,China Sales EC,,CHN_37_07_18,,Xinxin,,1132.78 ,USD,,1132.78 ,2018/7/24,1132.78 ,0.00 ,,2018/7/27,, 30 ,2018/8/23, reveived ,received,May-June
COPO Technology Limited,#N/A,#N/A,,CHN_38_07_18,,Lilian,,304166.78 ,USD,,304166.78 ,2018/7/24,304164.87 ,1.91 ,,2018/8/15,, 30 ,2018/8/23, reveived ,received,June
Alibaba.com Hong Kong Limited,China Sales,China Sales East,,CHN_39_07_18,,Ander,,413.41 ,USD,,413.41 ,2018/7/24,413.41 ,0.00 ,,2018/9/11,, 30 ,2018/8/23, reveived ,received,June阿里巴巴（淘宝lite）
Wowcher Limited,UK,UK,,UK_19_07_18,,UK,,12041.81 ,USD,,12041.81 ,2018/7/24,12041.81 ,0.00 ,,2018/9/13,, 60 ,2018/9/22, reveived ,received,June
"Hongkong Lehui Network Technology Co., Limited(Clinkad）",AFF,AFF,,CHN_40_07_18,,AFF,,7892.99 ,USD,,7892.99 ,2018/7/24,7893.39 ,(0.40),,2018/8/27,, 30 ,2018/8/23, reveived ,received,Mar
Autodoc GmbH,UK,UK,,UK_20_07_18,,UK,,1174.00 ,USD,,1174.00 ,2018/7/24,1174.00 ,0.00 ,,2018/8/2,, 30 ,2018/8/23, reveived ,received,June
ADFIT PLT,APAC,SGP,,SGP_10_07_18,,Amanda,,1427.00 ,USD,,1427.00 ,2018/7/24,1427.00 ,0.00 ,,2018/7/24,, 30 ,2018/8/23, reveived ,received,Prepayment
ADFIT PLT,APAC,SGP,,SGP_11_07_18,,Amanda,,2900.00 ,USD,,2900.00 ,2018/7/24,2900.00 ,0.00 ,,2018/7/25,, 30 ,2018/8/23, reveived ,received,Prepayment
Pubnative GmbH,AFF,AFF,,CHN_41_07_18,,AFF,,16079.13 ,USD,,16079.13 ,2018/7/25,16045.83 ,33.30 ,,2018/7/23,, 30 ,2018/8/24, reveived ,received,April
"Surmobi International Co., Ltd",AFF,AFF,,CHN_42_07_18,,AFF,,432.97 ,USD,,432.97 ,2018/7/25,370.50 ,62.47 ,,2018/9/17,, 30 ,2018/8/24, reveived ,received,May
HONGKONG WEBEYE LIMITED(Webeye),AFF,AFF,,CHN_43_07_18,,AFF,,24587.94 ,USD,,24587.94 ,2018/7/25,24586.02 ,1.92 ,,2018/9/5,, 30 ,2018/8/24, reveived ,received,May
"IKMY Co., Limited",AFF,AFF,,CHN_47_07_18,,AFF,,635.96 ,USD,,635.96 ,2018/7/25,635.96 ,0.00 ,,2018/8/30,, 30 ,2018/8/24, reveived ,received,May
"Whatech Mobile Co.,Limited(Mobisummer)",AFF,AFF,,CHN_60_07_18,,AFF,,8619.64 ,USD,,8619.64 ,2018/7/25,8617.73 ,1.91 ,,2018/8/8,, 30 ,2018/8/24, reveived ,received,May
掌上乐游有限公司（有爱互动）,China Sales,China Sales North,,CHN_01_11_16CM,,Bonnie,,(11018.78),USD,,(11018.78),2018/7/25,,(11018.78),,2018/7/25,, 30 ,2018/8/24, reveived ,received,Cancelled invoice of April
掌上乐游有限公司（有爱互动）,China Sales,China Sales North,,CHN_03_11_16CM,,Bonnie,,(32289.72),USD,,(32289.72),2018/7/25,,(32289.72),,2018/7/25,, 30 ,2018/8/24, reveived ,received,Cancelled invoice of May
掌上乐游有限公司（有爱互动）,China Sales,China Sales North,,CHN_04_11_16CM,,Bonnie,,(27919.93),USD,,(27919.93),2018/7/25,,(27919.93),,2018/7/25,, 30 ,2018/8/24, reveived ,received,Cancelled invoice of May
HONGKONG XIAOYAO GAME ENTERTAIMENT(有爱互动),China Sales,China Sales North,,CHN_88_12_16CM,,Bonnie,,(5564.57),USD,,(5564.57),2018/7/25,,(5564.57),,2018/7/25,, 30 ,2018/8/24, reveived ,received,Cancelled invoice of June
SOL NETWORKS LIMITED,UK,UK,,UK_21_07_18,,UK,,3532.00 ,USD,,3532.00 ,2018/7/25,3532.00 ,0.00 ,,2018/7/30,, 30 ,2018/8/24, reveived ,received,June
ADFIT PLT,APAC,SGP,,SGP_12_07_18,,Amanda,,1427.00 ,USD,,1427.00 ,2018/7/27,1427.00 ,0.00 ,,2018/7/30,, 30 ,2018/8/26, reveived ,received,Prepayment
iHandy Network Limited,China Sales,China Sales North,,CHN_63_07_18,,Bonnie,,112.20 ,USD,,112.20 ,2018/7/27,112.20 ,0.00 ,,2018/8/15,, 30 ,2018/8/26, reveived ,received,June
"Hongkong Lehui Network Technology Co., Limited(Clinkad）",AFF,AFF,,CHN_64_07_18,,AFF,,4999.55 ,USD,,4999.55 ,2018/7/27,4966.25 ,33.30 ,,2018/9/10,, 30 ,2018/8/26, reveived ,received,May
宁波豪雅进出口集团有限公司,China Sales,China Sales EC,,CHN_67_07_18,,Xinxin,,1000.00 ,USD,,1000.00 ,2018/7/27,991.70 ,8.30 ,,2018/8/4,, 30 ,2018/8/26, reveived ,received,Prepayment July
游酷盛世科技（北京）有限公司,China Sales,China Sales North,,CHN_68_07_18,,Bonnie,,2926.64 ,USD,,2926.64 ,2018/7/27,2893.34 ,33.30 ,,2018/8/22,, 30 ,2018/8/26, reveived ,received,June
App Samurai Inc.,UK,UK,,UK_23_07_18,,UK,,730.80 ,USD,,730.80 ,2018/7/31,710.80 ,20.00 ,,2018/8/13,, 30 ,2018/8/30, reveived ,received,June
"Firestorm-sea (HK) Co., Limited（热浪出海）",China Sales,China Sales North,,CHN_01_08_18,,Bonnie,,75005.80 ,USD,,75005.80 ,2018/8/1,74996.89 ,8.91 ,,2018/8/6,, 30 ,2018/8/31, reveived ,received,June
"SINCETIMES CO.,Ltd.",China Sales,China Sales North,,CHN_02_08_18,,Bonnie,,4550.47 ,USD,,4550.47 ,2018/8/1,4542.17 ,8.30 ,,2018/8/30,, 30 ,2018/8/31, reveived ,received,June
ADFIT PLT,APAC,SGP,,SGP_01_08_18,,Amanda,,8605.00 ,USD,,8605.00 ,2018/8/2,8605.00 ,0.00 ,,2018/8/3,, 30 ,2018/9/1, reveived ,received,Prepayment
AppNext Ltd,AFF,AFF,,CHN_24_05_18CM,,AFF,,(140889.82),USD,,(140889.82),2018/8/3,,(140889.82),,2018/8/1,, 30 ,2018/9/2, reveived ,received,Cancelled invoice of Mar.18
AppNext Ltd,AFF,AFF,,CHN_03_08_18,,AFF,,120357.82 ,USD,,120357.82 ,2018/8/3,125226.96 ,(4869.14),,2018/7/23,, 30 ,2018/9/2, reveived ,received,Mar
SVG Media FZ LLC(Sevetynine),APAC,SGP,,SGP_02_08_18,,Amanda,,1311.50 ,USD,,1311.50 ,2018/8/7,1281.50 ,30.00 ,,2018/8/17,, 30 ,2018/9/6, reveived ,received,June
Autodoc GmbH,UK,UK,,UK_01_08_18,,UK,,839.20 ,USD,,839.20 ,2018/8/7,839.20 ,0.00 ,,2018/9/6,, 30 ,2018/9/6, reveived ,received,July
GDMGROUP EAST LIMITED（Mobair）,AFF,AFF,,CHN_05_08_18,,AFF,,549.70 ,USD,,549.70 ,2018/8/7,,549.70 ,,2018/8/16,, 30 ,2018/9/6, reveived ,received,May
FYXTECH LIMITED（雅乐）,China Sales,China Sales North,,CHN_04_08_18,,Bonnie,,3735.90 ,USD,,3735.90 ,2018/8/7,3735.90 ,0.00 ,,2018/8/9,, 30 ,2018/9/6, reveived ,received,"July,Aug.18"
NovelPlus Sdn Bhd,APAC,SGP,,SGP_03_08_18,,Amanda,,26.40 ,USD,,26.40 ,2018/8/8,26.40 ,0.00 ,,2018/9/4,, 30 ,2018/9/7, reveived ,received,July
Digitrading Hongkong Limited（敦煌网）,China Sales,China Sales East,,CHN_07_08_18,,Ander,,17898.34 ,USD,,17898.34 ,2018/8/8,17896.43 ,1.91 ,,2018/8/27,, 30 ,2018/9/7, reveived ,received,July
EFUN COMPANY LIMITED,China Sales,China Sales South,,CHN_08_08_18,,Vanness,,20494.49 ,USD,,20494.49 ,2018/8/8,20494.49 ,0.00 ,,2018/9/21,, 30 ,2018/9/7, reveived ,received,July 豪门足球
EFUN COMPANY LIMITED,China Sales,China Sales South,,CHN_09_08_18,,Vanness,,94926.29 ,USD,,94926.29 ,2018/8/8,94926.29 ,0.00 ,,2018/9/21,, 30 ,2018/9/7, reveived ,received,July三国志
Alibaba.com Singapore E-commerce Private Limited,China Sales,China Sales East,,CHN_10_08_18,,Ander,,76375.46 ,USD,,76375.46 ,2018/8/8,76367.49 ,7.97 ,,2018/9/10,, 30 ,2018/9/7, reveived ,received,April
"
SHAREIT(HK) TECHNOLOGY LIMITED",China Sales,China Sales EC,,CHN_13_08_18,,xinxin,,23099.34 ,USD,,23099.34 ,2018/8/9,23099.34 ,0.00 ,,2018/8/23,, 30 ,2018/9/8, reveived ,received,July
PT. Airy Nest Indonesia,APAC,Indonesia,,SGP_04_08_18,,Edo,,1920.80 ,USD,,1920.80 ,2018/8/9,1920.80 ,0.00 ,,2018/9/12,, 30 ,2018/9/8, reveived ,received,July
YouAppi Inc,AFF,AFF,,CHN_06_07_18,,AFF,,8907.17 ,USD,,8907.17 ,2018/7/9,8878.87 ,28.30 ,,2018/8/10,, 30 ,2018/8/8, reveived ,received,April
Sungy Mobile Limited (Gomo_Ultron),AFF,AFF,,CHN_17_08_18,,AFF,,213.09 ,USD,,213.09 ,2018/8/9,204.79 ,8.30 ,,2018/9/4,, 30 ,2018/9/8, reveived ,received,May
Cloudmob Limited,AFF,AFF,,CHN_18_08_18,,AFF,,1738.53 ,USD,,1738.53 ,2018/8/9,1730.23 ,8.30 ,,2018/8/21,, 30 ,2018/9/8, reveived ,received,May
Cook Media Ltd(Edge226_Ultron),AFF,AFF,,CHN_19_08_18,,AFF,,2644.00 ,USD,,2644.00 ,2018/8/9,2609.77 ,34.23 ,,2018/7/11,, 30 ,2018/9/8, reveived ,received,May
Digital Media Technology SLU(Headway_Ultron),AFF,AFF,,CHN_20_08_18,,AFF,,6669.10 ,USD,,6669.10 ,2018/8/9,6632.18 ,36.92 ,,2018/9/18,, 30 ,2018/9/8, reveived ,received,May
Hopemobi Technology Limited,AFF,AFF,,CHN_21_08_18,,AFF,,1814.87 ,USD,,1814.87 ,2018/8/9,1812.96 ,1.91 ,,2018/8/21,, 30 ,2018/9/8, reveived ,received,May
Huntmobi Holdings Limited,AFF,AFF,,CHN_22_08_18,,AFF,,473.64 ,USD,,473.64 ,2018/8/9,473.64 ,0.00 ,,2018/8/29,, 30 ,2018/9/8, reveived ,received,May
ORIENT HOLDING LIMITED,China Sales,China Sales EC,,CHN_23_08_18,,XinXin,,5000.00 ,USD,,5000.00 ,2018/8/10,5000.00 ,0.00 ,,2018/8/14,, 30 ,2018/9/9, reveived ,received,Aug.18
PT.Shopee International Indonesia,APAC,SGP,,SGP_05_08_18,,Amanda,,10572.00 ,USD,,10572.00 ,2018/8/10,,10572.00 ,,2018/9/10,, 30 ,2018/9/9, reveived ,received,July
FUNMART LIMITED,China Sales,China Sales EC,,CHN_06_08_18,,XinXin,,3000.00 ,USD,,3000.00 ,2018/8/8,2998.09 ,1.91 ,,2018/8/13,, 30 ,2018/9/7, reveived ,received,Aug.18
"Lemonade, Inc.",UK,UK,,UK_04_08_18 CM,,UK,,200.00 ,USD,,200.00 ,2018/8/14,200.00 ,0.00 ,,2018/9/27,, 30 ,2018/9/13, reveived ,received,July Magic Jigsaw PuzzlesUSAndroid
Ximad Inc.,USA,USA,,US_01_08_18 ,,USA,,1579.00 ,USD,,1579.00 ,2018/8/14,1579.00 ,0.00 ,,2018/9/14,, 30 ,2018/9/13, reveived ,received,July Magic Jigsaw PuzzlesUSAndroid
AdAction Interactive LLC,UK,UK,,UK_07_08_18 CM,,UK,,2960.50 ,USD,,2960.50 ,2018/8/14,2960.50 ,0.00 ,,2018/9/5,, 30 ,2018/9/13, reveived ,received,July
TEFINCOM S.A,UK,UK,,UK_08_08_18 CM,,UK,,842.00 ,USD,,842.00 ,2018/8/14,842.00 ,0.00 ,,2018/8/20,, 30 ,2018/9/13, reveived ,received,July
Lazada Singapore Pte. Ltd(Lazada SG),APAC,SGP,,SGP_07_08_18,,Amanda,,2486.00 ,USD,,2486.00 ,2018/8/14,2486.00 ,0.00 ,,2018/9/12,, 30 ,2018/9/13, reveived ,received,July Lazada-SG
Lazada Limited (Lazada TH),APAC,SGP,,SGP_08_08_18,,Amanda,,19119.60 ,USD,,19119.60 ,2018/8/14,19099.60 ,20.00 ,,2018/9/17,, 30 ,2018/9/13, reveived ,received,JulyLazada-TH-Android-IOS
"Lazada E-Services Philippines, Inc (Lazada PH)",APAC,SGP,,SGP_09_08_18,,Amanda,,10634.20 ,USD,,10634.20 ,2018/8/14,10634.20 ,0.00 ,,2018/9/21,, 30 ,2018/9/13, reveived ,received,July Lazada-PH
IPLAYABLE LIMITED（inplayable）,AFF,AFF,,CHN_25_08_18,,AFF,,6286.20 ,USD,,6286.20 ,2018/8/13,6286.20 ,0.00 ,,2018/9/11,, 30 ,2018/9/12, reveived ,received,May
SuperADS Technology Limited,AFF,AFF,,CHN_26_08_18,,AFF,,1998.31 ,USD,,1998.31 ,2018/8/13,1996.40 ,1.91 ,,2018/8/28,, 30 ,2018/9/12, reveived ,received,May
JOLLYCHIC EC LIMITED（杭州执御）,China Sales,China Sales EC,,CHN_27_08_18,,XinXin,,8621.90 ,USD,,8621.90 ,2018/8/13,8619.98 ,1.92 ,,2018/8/30,, 30 ,2018/9/12, reveived ,received,July Facebook消耗
"Hong Kong Shengmu Data Network Technology Co., Limited(Mightapp)",AFF,AFF,,CHN_28_08_18,,AFF,,1572.68 ,USD,,1572.68 ,2018/8/14,1566.60 ,6.08 ,,2018/9/26,, 30 ,2018/9/13, reveived ,received,May
Minimob,AFF,AFF,,CHN_29_08_18,,AFF,,1059.10 ,USD,,1059.10 ,2018/8/14,1030.80 ,28.30 ,,2018/9/6,, 30 ,2018/9/13, reveived ,received,May
"Nasmedia Co., Ltd",AFF,AFF,,CHN_30_08_18,,AFF,,1207.34 ,USD,,1207.34 ,2018/8/14,1207.34 ,0.00 ,,2018/8/31,, 30 ,2018/9/13, reveived ,received,July
Mobchang_Ultron,AFF,AFF,,CHN_31_08_18,,AFF,,2148.36 ,USD,,2148.36 ,2018/8/14,2148.36 ,0.00 ,,2018/9/6,, 30 ,2018/9/13, reveived ,received,May
"Nasmedia Co., Ltd",AFF,AFF,,CHN_32_08_18,,AFF,,519.06 ,USD,,519.06 ,2018/8/14,480.76 ,38.30 ,,2018/8/31,, 30 ,2018/9/13, reveived ,received,Mar
"Zucks, Inc.",AFF,AFF,,CHN_35_08_18,,AFF,,529.55 ,USD,,529.55 ,2018/8/16,521.25 ,8.30 ,,2018/8/1,, 30 ,2018/9/15, reveived ,received,May
Smile Internet Technologies PTE. Limited,AFF,AFF,,CHN_36_08_18,,AFF,,3028.20 ,USD,,3028.20 ,2018/8/16,3028.20 ,0.00 ,,2018/8/30,, 30 ,2018/9/15, reveived ,received,May
LEADSAGA TECHNICAL LIMITED,AFF,AFF,,CHN_37_08_18,,AFF,,1207.13 ,USD,,1207.13 ,2018/8/16,1198.20 ,8.93 ,,2018/8/22,, 30 ,2018/9/15, reveived ,received,May
Pubnative GmbH,AFF,AFF,,CHN_39_08_18,,AFF,,11374.27 ,USD,,11374.27 ,2018/8/16,11374.27 ,0.00 ,,2018/8/8,, 30 ,2018/9/15, reveived ,received,May
Mobvista International Technology Limited-Ultron,AFF,AFF,,CHN_40_08_18,,AFF,,106742.28 ,USD,,106742.28 ,2018/8/16,106733.98 ,8.30 ,,2018/8/29,, 30 ,2018/9/15, reveived ,received,May
SOL NETWORKS LIMITED,UK,UK,,UK_09_08_18 CM,,UK,,2910.00 ,USD,,2910.00 ,2018/8/15,2910.00 ,0.00 ,,2018/8/27,, 30 ,2018/9/14, reveived ,received,July Dating.com
Baidu (HongKong) Limited-API,AFF,AFF,,CHN_41_08_18,,AFF,,74450.00 ,USD,,74450.00 ,2018/8/16,74450.00 ,0.00 ,,2018/9/4,, 30 ,2018/9/15, reveived ,received,June
"AppTap, LLC_Ultron",AFF,AFF,,CHN_42_08_18,,AFF,,53068.27 ,USD,,53068.27 ,2018/8/16,53049.97 ,18.30 ,,2018/9/19,, 30 ,2018/9/15, reveived ,received,June
"Bat Technology CO., Limited（Ultron）",AFF,AFF,,CHN_43_08_18,,AFF,,64901.24 ,USD,,64901.24 ,2018/8/16,,64901.24 ,,2018/9/11,, 30 ,2018/9/15, reveived ,received,June
Bingmob Limited,AFF,AFF,,CHN_44_08_18,,AFF,,1670.49 ,USD,,1670.49 ,2018/8/16,1668.57 ,1.92 ,,2018/9/26,, 30 ,2018/9/15, reveived ,received,June
"Motive Interactive, Inc",AFF,AFF,,CHN_46_08_18,,AFF,,2562.53 ,USD,,2562.53 ,2018/8/21,2534.23 ,28.30 ,,2018/8/11,, 30 ,2018/9/20, reveived ,received,June
Minimob,AFF,AFF,,CHN_47_08_18,,AFF,,1273.78 ,USD,,1273.78 ,2018/8/21,1245.47 ,28.31 ,,2018/9/21,, 30 ,2018/9/20, reveived ,received,June
Apptick Mobilie Limited,AFF,AFF,,CHN_48_08_18,,AFF,,421.34 ,USD,,421.34 ,2018/8/21,421.34 ,0.00 ,,2018/8/23,, 30 ,2018/9/20, reveived ,received,June
OASIS SANQI NETWORK TECHNOLOGY LIMITED(altamob）,AFF,AFF,,CHN_49_08_18,,AFF,,24323.94 ,USD,,24323.94 ,2018/8/21,24323.94 ,0.00 ,,2018/9/19,, 30 ,2018/9/20, reveived ,received,June
Smarter Wireless Communications Technology (HK) limited,AFF,AFF,,CHN_50_08_18,,AFF,,12596.96 ,USD,,12596.96 ,2018/8/21,12596.96 ,0.00 ,,2018/8/30,, 30 ,2018/9/20, reveived ,received,June
HONGKONG WEBEYE LIMITED(Webeye),AFF,AFF,,CHN_51_08_18,,AFF,,23868.46 ,USD,,23868.46 ,2018/8/21,23866.54 ,1.92 ,,2018/9/19,, 30 ,2018/9/20, reveived ,received,June
TOTALMOBRAND S.A.（Mobrand_Ultron）,AFF,AFF,,CHN_52_08_18,,AFF,,9333.40 ,USD,,9333.40 ,2018/8/21,9290.10 ,43.30 ,,2018/9/6,, 30 ,2018/9/20, reveived ,received,June
Digital Media Technology SLU(Headway_Ultron),AFF,AFF,,CHN_53_08_18,,AFF,,3752.27 ,USD,,3752.27 ,2018/8/21,3720.34 ,31.93 ,,2018/9/26,, 30 ,2018/9/20, reveived ,received,June
Cook Media Ltd(Edge226_Ultron),AFF,AFF,,CHN_57_08_18,,AFF,,2983.89 ,USD,,2983.89 ,2018/8/21,3104.77 ,(120.88),,2018/9/12,, 30 ,2018/9/20, reveived ,received,June
IPLAYABLE LIMITED（inplayable）,AFF,AFF,,CHN_60_08_18,,AFF,,7522.25 ,USD,,7522.25 ,2018/8/21,7522.25 ,0.00 ,,2018/9/28,, 30 ,2018/9/20, reveived ,received,June
Smile Internet Technologies PTE. Limited,AFF,AFF,,CHN_61_08_18,,AFF,,1249.24 ,USD,,1249.24 ,2018/8/21,1193.20 ,56.04 ,,2018/8/30,, 30 ,2018/9/20, reveived ,received,June
Skyworker Digital Limited（Skyworker_Ultron）,AFF,AFF,,CHN_63_08_18,,AFF,,27303.56 ,USD,,27303.56 ,2018/8/21,27263.91 ,39.65 ,,2018/9/24,, 30 ,2018/9/20, reveived ,received,June
Adorca Hongkong Limited,AFF,AFF,,CHN_64_08_18,,AFF,,39865.92 ,USD,,39865.92 ,2018/8/21,39864.01 ,1.91 ,,2018/9/10,, 30 ,2018/9/20, reveived ,received,June
Glispa GmbH（Ultron）,AFF,AFF,,CHN_65_08_18,,AFF,,10047.33 ,USD,,10047.33 ,2018/8/21,10047.33 ,0.00 ,,2018/9/6,, 30 ,2018/9/20, reveived ,received,May
Glispa GmbH（Ultron）,AFF,AFF,,CHN_66_08_18,,AFF,,7912.99 ,USD,,7912.99 ,2018/8/21,7879.69 ,33.30 ,,2018/9/6,, 30 ,2018/9/20, reveived ,received,June
SuperADS Technology Limited,AFF,AFF,,CHN_67_08_18,,AFF,,13309.13 ,USD,,13309.13 ,2018/8/21,13307.21 ,1.92 ,,2018/9/18,, 30 ,2018/9/20, reveived ,received,June
TIDEBUY INTERNATIONAL LIMITED(踏浪者国际),China Sales,China Sales EC,,CHN_68_08_18,,Xinxin,,8083.13 ,USD,,8083.13 ,2018/8/21,8083.13 ,0.00 ,,2018/9/6,, 30 ,2018/9/20, reveived ,received,July Topbuzz&网盟
Badoo Trading Ltd,UK,UK,,UK_17_08_18,,UK,,5489.44 ,USD,,5489.44 ,2018/8/27,5489.44 ,0.00 ,,2018/9/27,, 30 ,2018/9/26, reveived ,received,JulyBadoo Dating
"Zucks, Inc.",AFF,AFF,,CHN_75_08_18,,AFF,,2556.82 ,USD,,2556.82 ,2018/8/22,2548.52 ,8.30 ,,2018/8/31,, 30 ,2018/9/21, reveived ,received,June
COPO Technology Limited,#N/A,#N/A,,CHN_76_08_18,,Lilian,,298377.26 ,USD,,298377.26 ,2018/8/22,298375.35 ,1.91 ,,2018/9/5,, 30 ,2018/9/21, reveived ,received,July
SVG Media FZ LLC(Sevetynine),APAC,SGP,,SGP_13_08_18 CM,,Amanda,,1298.50 ,USD,,1298.50 ,2018/8/22,1268.50 ,30.00 ,,2018/9/26,, 30 ,2018/9/21, reveived ,received,July  NOON/Cleartrip
LOMEWAY E-COMMERCE (HONGKONG)LIMITED（环球易购）,China Sales,China Sales EC,,CHN_77_08_18,,XinXin,,78338.82 ,USD,,78338.82 ,2018/8/22,,78338.82 ,,2018/8/21,, 30 ,2018/9/21, reveived ,received,June
Bytedance Inc.今日头条,China Sales,China Sales North,,CHN_78_08_18,,Bonnie,,5029852.24 ,USD,,5029852.24 ,2018/8/22,5029833.94 ,18.30 ,,2018/9/20,, 30 ,2018/9/21, reveived ,received,July今日头条
Click Tech Limited(Yeamobi),AFF,AFF,,CHN_79_08_18,,AFF,,3102.46 ,USD,,3102.46 ,2018/8/22,3094.26 ,8.20 ,,2018/9/28,, 30 ,2018/9/21, reveived ,received,July
"Roadmapp Digital, LLC",AFF,AFF,,CHN_80_08_18CM,,AFF,,(1880.59),USD,,(1880.59),2018/8/22,,(1880.59),,2018/8/22,, 30 ,2018/9/21, reveived ,received,Cancelled invoice of Apr.18
香港创酷互动娱乐有限公司,China Sales,China Sales South,,CHN_82_08_18,,vanness,,3599.14 ,USD,,3599.14 ,2018/8/22,3599.14 ,0.00 ,,2018/9/5,, 30 ,2018/9/21, reveived ,received,July日本-叫我官老爷
"Whatech Mobile Co.,Limited(Mobisummer)",AFF,AFF,,CHN_83_08_18,,AFF,,4483.03 ,USD,,4483.03 ,2018/8/22,4481.11 ,1.92 ,,2018/9/14,, 30 ,2018/9/21, reveived ,received,June
Mobchang_Ultron,AFF,AFF,,CHN_88_08_18,,AFF,,1274.23 ,USD,,1274.23 ,2018/8/23,1272.32 ,1.91 ,,2018/9/6,, 30 ,2018/9/22, reveived ,received,June
"Dreamscape Technology CO.,Limited(Oceanbys)",AFF,AFF,,CHN_89_08_18,,AFF,,1410.72 ,USD,,1410.72 ,2018/8/23,1410.72 ,0.00 ,,2018/9/26,, 30 ,2018/9/22, reveived ,received,June
"Hong Kong Shengmu Data Network Technology Co.,Limited",AFF,AFF,,CHN_90_08_18,,AFF,,462.04 ,USD,,462.04 ,2018/8/23,462.04 ,0.00 ,,2018/9/26,, 30 ,2018/9/22, reveived ,received,June
Newborn Town International Enterprise Limited（Solo API）,AFF,AFF,,CHN_91_08_18,,AFF,,36895.22 ,USD,,36895.22 ,2018/8/23,36895.22 ,0.00 ,,2018/9/21,, 30 ,2018/9/22, reveived ,received,June
OP Vision LTD(Persona.ly),AFF,AFF,,CHN_92_08_18,,AFF,,49272.73 ,USD,,49272.73 ,2018/8/23,49272.72 ,0.01 ,,2018/8/19,, 30 ,2018/9/22, reveived ,received,June
IGG SINGAPORE PTE. LTD.,UK,UK,,UK_11_08_18 ,,UK,,3154.20 ,USD,,3154.20 ,2018/8/20,,3154.20 ,,2018/9/5,, 30 ,2018/9/19, reveived ,received,JulyLords Mobile
Playsimple Games PTE. LTD.,UK,UK,,UK_06_08_18 ,,UK,,2176.50 ,USD,,2176.50 ,2018/8/21,,2176.50 ,,2018/9/6,, 30 ,2018/9/20, reveived ,received,July-WordTrip
Taptica Ltd,AFF,AFF,,US_02_08_18 ,,AFF,,12209.73 ,USD,,12209.73 ,2018/8/23,12209.73 ,0.00 ,,2018/8/17,, 30 ,2018/9/22, reveived ,received,June
EFUN COMPANY LIMITED,China Sales,China Sales South,,CHN_95_08_18,,Vanness,,45.00 ,USD,,45.00 ,2018/8/27,43.07 ,1.93 ,,2018/9/21,, 30 ,2018/9/26, reveived ,received,JulyUFC-HK-AND
香港创酷互动娱乐有限公司,China Sales,China Sales South,,CHN_96_08_18,,Vanness,,69.00 ,USD,,69.00 ,2018/8/27,69.00 ,0.00 ,,2018/9/5,, 30 ,2018/9/26, reveived ,received,July叫我官老爷
QUVIDEO (HONG KONG) LIMITED,China Sales,China Sales North,,CHN_97_12_17,,Bonnie,,6001.39 ,USD,,6001.39 ,2018/8/27,5993.09 ,8.30 ,,2018/8/30,, 30 ,2018/9/26, reveived ,received,Julyvivavideo
香港创酷互动娱乐有限公司,China Sales,China Sales South,,CHN_99_08_18,,Vanness,,198849.69 ,USD,,198849.69 ,2018/8/27,198847.77 ,1.92 ,,2018/9/5,, 30 ,2018/9/26, reveived ,received,July叫我官老爷（韩/日/简体/繁体）
"IKMY Co., Limited",AFF,AFF,,CHN_100_08_18,,AFF,,191.52 ,USD,,191.52 ,2018/8/27,189.61 ,1.91 ,,2018/8/30,, 30 ,2018/9/26, reveived ,received,June
Fiverr International Ltd,UK,UK,,UK_14_08_18 ,,UK,,1413.53 ,USD,,1413.53 ,2018/8/27,1413.53 ,0.00 ,,2018/9/17,, 30 ,2018/9/26, reveived ,received,July
GDMGROUP EAST LIMITED（Mobair）,AFF,AFF,,CHN_05_08_18CM,,AFF,,(549.70),USD,,(549.70),2018/8/7,,(549.70),,2018/8/16,, 30 ,2018/9/6, reveived ,received,Cancelled invoice of May.18
"Bat Technology CO., Limited（Ultron）",AFF,AFF,,CHN_11_08_18,,AFF,,4893.44 ,USD,,4893.44 ,2018/8/8,4893.44 ,0.00 ,,2018/8/31,, 30 ,2018/9/7, reveived ,received,Feb
"Bat Technology CO., Limited（Ultron）",AFF,AFF,,CHN_07_04_18CM,,AFF,,(5414.00),USD,,(5414.00),2018/4/3,,(5414.00),,2018/8/8,, 30 ,2018/5/3, reveived ,received,Cancelled invoice of Feb.18
PT Medika Komunika Teknologi-Klikdokter,APAC,Indonesia,,SGP_16_02_18CM,,Edo,,(5000.00),USD,,(5000.00),2018/9/3,,(5000.00),,2018/9/3,, 30 ,2018/10/3, reveived ,received,cancelled invoice ofJan.18
PT Medika Komunika Teknologi-Klikdokter,APAC,Indonesia,,SGP_01_09_18,,Edo,,5000.00 ,USD,,5000.00 ,2018/9/3,5000.00 ,0.00 ,,2018/9/7,, 30 ,2018/10/3, reveived ,received,Jan prepayment
Alibaba.com Hong Kong Limited,China Sales,China Sales East,,CHN_04_09_18,,Ander,,2905343.20 ,USD,,2905343.20 ,2018/9/3,2905335.23 ,7.97 ,,2018/9/10,, 30 ,2018/10/3, reveived ,received,May阿里巴巴（Aliexpress）
YOUZU Games Hongkong Limited,China Sales,China Sales East,,CHN_05_09_18,,Ander,,27917.00 ,USD,,27917.00 ,2018/9/3,27891.66 ,25.34 ,,2018/9/21,, 60 ,2018/11/2, reveived ,received,July LOD狂暴之翼
Digitrading Hongkong Limited（敦煌网）,China Sales,China Sales East,,CHN_06_09_18,,Ander,,13874.70 ,USD,,13874.70 ,2018/9/4,13872.78 ,1.92 ,,2018/9/27,, 30 ,2018/10/4, reveived ,received,Aug.18
IGG SINGAPORE PTE. LTD.,UK,UK,,UK_01_09_18 ,,UK,,2681.07 ,USD,,2681.07 ,2018/9/5,2681.07 ,0.00 ,,2018/9/17,, 30 ,2018/10/5, reveived ,received,JulyLords Mobile
IGG SINGAPORE PTE. LTD.,UK,UK,,UK_11_08_18CM,,UK,,(3154.20),USD,,(3154.20),2018/9/5,,(3154.20),,2018/9/5,, 30 ,2018/10/5, reveived ,received,Cancelled invoice of July.18
LOMEWAY E-COMMERCE (HONGKONG)LIMITED（环球易购）,China Sales,China Sales EC,,CHN_07_09_18,,XinXin,,26289.02 ,USD,,26289.02 ,2018/9/6,,26289.02 ,,2018/8/21,, 30 ,2018/10/6, reveived ,received,Aug.18prepayment
LOMEWAY E-COMMERCE (HONGKONG)LIMITED（环球易购）,China Sales,China Sales EC,,CHN_08_09_18,,XinXin,,32983.50 ,USD,,32983.50 ,2018/9/6,,32983.50 ,,2018/8/21,, 30 ,2018/10/6, reveived ,received,Aug.18prepayment
Playsimple Games PTE. LTD.,UK,UK,,UK_06_08_18CM,,UK,,(2176.50),USD,,(2176.50),2018/9/6,,(2176.50),,2018/9/6,, 30 ,2018/10/6, reveived ,received,Cancelled invoice of July.18-WordTrip
"Nasmedia Co., Ltd",AFF,AFF,,CHN_14_09_18,,AFF,,15597.00 ,USD,,15597.00 ,2018/9/10,15558.67 ,38.33 ,,2018/9/28,, 30 ,2018/10/10, reveived ,received,Aug.18
Mobvista International Technology Limited-Ultron,AFF,AFF,,CHN_15_09_18,,AFF,,91928.22 ,USD,,91928.22 ,2018/9/10,91928.22 ,0.00 ,,2018/9/21,, 30 ,2018/10/10, reveived ,received,June
SHAREIT(HK) TECHNOLOGY LIMITED,China Sales,China Sales EC,,CHN_16_09_18,,xinxin,,9947.93 ,USD,,9947.93 ,2018/9/10,9947.93 ,0.00 ,,2018/9/14,, 30 ,2018/10/10, reveived ,received,Aug.18
"Motive Interactive, Inc",AFF,AFF,,CHN_22_09_18,,AFF,,3223.17 ,USD,,3223.17 ,2018/9/11,3194.87 ,28.30 ,,2018/9/8,, 30 ,2018/10/11, reveived ,received,July
"Bat Technology CO., Limited（Ultron）",AFF,AFF,,CHN_43_08_18CM,,AFF,,(64901.24),USD,,(64901.24),2018/9/11,,(64901.24),,2018/9/11,, 30 ,2018/10/11, reveived ,received,Cancelled invoice of June.18
JOLLYCHIC EC LIMITED（杭州执御）,China Sales,China Sales EC,,CHN_30_09_18,,XinXin,,7013.54 ,USD,,7013.54 ,2018/9/12,7011.62 ,1.92 ,,2018/9/28,, 30 ,2018/10/12, reveived ,received,Aug.18
Glispa GmbH（Ultron）,AFF,AFF,,CHN_31_09_18,,AFF,,2784.40 ,USD,,2784.40 ,2018/9/12,2751.10 ,33.30 ,,2018/9/6,, 30 ,2018/10/12, reveived ,received,July
"Hong Kong Shengmu Data Network Technology Co., Limited(Mightapp)",AFF,AFF,,CHN_42_09_18,,AFF,,4.16 ,USD,,4.16 ,2018/9/12,4.16 ,0.00 ,,2018/9/26,, 30 ,2018/10/12, reveived ,received,July
"Dreamscape Technology CO.,Limited(Oceanbys)",AFF,AFF,,CHN_47_09_18,,AFF,,140.87 ,USD,,140.87 ,2018/9/12,131.95 ,8.92 ,,2018/9/26,, 30 ,2018/10/12, reveived ,received,July
Leadbolt Pty Ltd,AFF,AFF,,CHN_51_09_18,,AFF,,1919.64 ,USD,,1919.64 ,2018/9/12,1911.34 ,8.30 ,,2018/9/7,, 30 ,2018/10/12, reveived ,received,July
Taptica Ltd,AFF,AFF,,US_01_09_18,,AFF,,11682.90 ,USD,,11682.90 ,2018/9/12,11682.90 ,0.00 ,,2018/9/14,, 30 ,2018/10/12, reveived ,received,July
"Zucks, Inc.",AFF,AFF,,CHN_58_09_18,,AFF,,34659.56 ,USD,,34659.56 ,2018/9/13,34651.23 ,8.33 ,,2018/9/28,, 30 ,2018/10/13, reveived ,received,July
YouAppi Inc,AFF,AFF,,CHN_59_09_18,,AFF,,4829.04 ,USD,,4829.04 ,2018/9/13,4800.72 ,28.32 ,,2018/9/29,, 30 ,2018/10/13, reveived ,received,July
PT.Shopee International Indonesia,APAC,SGP,,SGP_05_08_18CM,,Amanda,,(10572.00),USD,,(10572.00),2018/8/10,,(10572.00),,2018/9/10,, 30 ,2018/9/9, reveived ,received,Cancelled invoice ofJuly.18
PT.Shopee International Indonesia,APAC,SGP,,SGP_05_08_18,,Amanda,,10572.00 ,USD,,10572.00 ,2018/8/10,10572.00 ,0.00 ,,2018/9/28,, 30 ,2018/9/9, reveived ,received,July
Morenti Inc,USA,USA,,US_02_05_18CM,,USA,,(1650.00),USD,,(1650.00),2018/9/11,,(1650.00),,2018/9/11,, 30 ,2018/10/11, reveived ,received,Cancelled invoice ofprepayment.18
DeNA HONGKONG LIMITED,China Sales,China Sales South,,CHN_65_09_18,,Vanness,,1435.00 ,USD,,1435.00 ,2018/9/17,1433.08 ,1.92 ,,2018/9/24,, 30 ,2018/10/17, reveived ,received,July港台圣斗士星矢
OP Vision LTD(Persona.ly),AFF,AFF,,CHN_67_09_18 ,,AFF,,71221.38 ,USD,,71221.38 ,2018/9/17,71221.40 ,(0.02),,2018/9/25,, 30 ,2018/10/17, reveived ,received,July
LOMEWAY E-COMMERCE (HONGKONG)LIMITED（环球易购）,China Sales,China Sales EC,,CHN_19_07_18,,XinXin,,34853.10 ,USD,,34853.10 ,2018/7/11,,34853.10 ,,电商预付,, 30 ,2018/8/10, reveived ,received,June Facebook
KONGKO DIGITAL PTE LTD,China Sales,China Sales North,,CHN_71_07_18,,Bonnie,,1000.00 ,USD,,1000.00 ,2018/7/31,,1000.00 ,,电商预付,, 30 ,2018/8/30, reveived ,received,Prepayment
LOMEWAY E-COMMERCE (HONGKONG)LIMITED（环球易购）,China Sales,China Sales EC,,CHN_14_08_18,,XinXin,,106267.41 ,USD,,106267.41 ,2018/8/9,,106267.41 ,,电商预付,, 30 ,2018/9/8, reveived ,received,July环球易购
LOMEWAY E-COMMERCE (HONGKONG)LIMITED（环球易购）,China Sales,China Sales EC,,CHN_15_08_18,,XinXin,,23710.98 ,USD,,23710.98 ,2018/8/9,,23710.98 ,,电商预付,, 30 ,2018/9/8, reveived ,received,July
LOMEWAY E-COMMERCE (HONGKONG)LIMITED（环球易购）,China Sales,China Sales EC,,CHN_16_08_18,,XinXin,,23626.42 ,USD,,23626.42 ,2018/8/9,,23626.42 ,,电商预付,, 30 ,2018/9/8, reveived ,received,July
LOMEWAY E-COMMERCE (HONGKONG)LIMITED（环球易购）,China Sales,China Sales EC,,CHN_75_09_18,,XinXin,,67947.69 ,USD,,67947.69 ,2018/9/20,,67947.69 ,,电商预付,, 30 ,2018/10/20, reveived ,received,Aug.18snapchat
